Intents,Question,Question_vector,Answer
ทักทาย,Hi,0,สวัสดีครับ น้อง Bot ของ ทางโครงการ Super AI Engineer ยินดีให้บริการ ไม่ทราบว่าท่านส่งสัยเรื่องใด น้อง Bot ไม่ค่อยเข้าใจความหมายเลยครับ ท่านสามารถตรวจสอบเพิ่มเติมได้ที่ https://superaiengineer2021.tawk.help หรือทาง สามารถสอบถามได้ทางเพจ https://www.facebook.com/SuperAIEngineer ได้เลยครับ
ทักทาย,Hello,0,สวัสดีครับ น้อง Bot ของ ทางโครงการ Super AI Engineer ยินดีให้บริการ ไม่ทราบว่าท่านส่งสัยเรื่องใด น้อง Bot ไม่ค่อยเข้าใจความหมายเลยครับ ท่านสามารถตรวจสอบเพิ่มเติมได้ที่ https://superaiengineer2021.tawk.help หรือทาง สามารถสอบถามได้ทางเพจ https://www.facebook.com/SuperAIEngineer ได้เลยครับ
ทักทาย,สวัสดี,0,สวัสดีครับ น้อง Bot ของ ทางโครงการ Super AI Engineer ยินดีให้บริการ ไม่ทราบว่าท่านส่งสัยเรื่องใด น้อง Bot ไม่ค่อยเข้าใจความหมายเลยครับ ท่านสามารถตรวจสอบเพิ่มเติมได้ที่ https://superaiengineer2021.tawk.help หรือทาง สามารถสอบถามได้ทางเพจ https://www.facebook.com/SuperAIEngineer ได้เลยครับ
ทักทาย,สวัสดีครับ,0,สวัสดีครับ น้อง Bot ของ ทางโครงการ Super AI Engineer ยินดีให้บริการ ไม่ทราบว่าท่านส่งสัยเรื่องใด น้อง Bot ไม่ค่อยเข้าใจความหมายเลยครับ ท่านสามารถตรวจสอบเพิ่มเติมได้ที่ https://superaiengineer2021.tawk.help หรือทาง สามารถสอบถามได้ทางเพจ https://www.facebook.com/SuperAIEngineer ได้เลยครับ
ทักทาย,สวัสดีค่ะ,0,สวัสดีครับ น้อง Bot ของ ทางโครงการ Super AI Engineer ยินดีให้บริการ ไม่ทราบว่าท่านส่งสัยเรื่องใด น้อง Bot ไม่ค่อยเข้าใจความหมายเลยครับ ท่านสามารถตรวจสอบเพิ่มเติมได้ที่ https://superaiengineer2021.tawk.help หรือทาง สามารถสอบถามได้ทางเพจ https://www.facebook.com/SuperAIEngineer ได้เลยครับ
ทักทาย,ดีครับ,0,สวัสดีครับ น้อง Bot ของ ทางโครงการ Super AI Engineer ยินดีให้บริการ ไม่ทราบว่าท่านส่งสัยเรื่องใด น้อง Bot ไม่ค่อยเข้าใจความหมายเลยครับ ท่านสามารถตรวจสอบเพิ่มเติมได้ที่ https://superaiengineer2021.tawk.help หรือทาง สามารถสอบถามได้ทางเพจ https://www.facebook.com/SuperAIEngineer ได้เลยครับ
ทักทาย,ดีค่ะ,0,สวัสดีครับ น้อง Bot ของ ทางโครงการ Super AI Engineer ยินดีให้บริการ ไม่ทราบว่าท่านส่งสัยเรื่องใด น้อง Bot ไม่ค่อยเข้าใจความหมายเลยครับ ท่านสามารถตรวจสอบเพิ่มเติมได้ที่ https://superaiengineer2021.tawk.help หรือทาง สามารถสอบถามได้ทางเพจ https://www.facebook.com/SuperAIEngineer ได้เลยครับ
ทักทาย,Hey,0,สวัสดีครับ น้อง Bot ของ ทางโครงการ Super AI Engineer ยินดีให้บริการ ไม่ทราบว่าท่านส่งสัยเรื่องใด น้อง Bot ไม่ค่อยเข้าใจความหมายเลยครับ ท่านสามารถตรวจสอบเพิ่มเติมได้ที่ https://superaiengineer2021.tawk.help หรือทาง สามารถสอบถามได้ทางเพจ https://www.facebook.com/SuperAIEngineer ได้เลยครับ
level,Level 1 จะได้รับเงินทุนหรือไม่,0,"จะไม่ได้รับเงินทุน แต่จะได้ 
   1. เกียรติบัตร “Foundation AI”
   2. โอกาศได้รับการพิจารณารับเลือกเป็นผู้อบรม ค่าย 2"
level,level 1 ได้ตังไหม,0,"จะไม่ได้รับเงินทุน แต่จะได้ 
   1. เกียรติบัตร “Foundation AI”
   2. โอกาศได้รับการพิจารณารับเลือกเป็นผู้อบรม ค่าย 2"
level,รางวัล level 1,0,"จะไม่ได้รับเงินทุน แต่จะได้ 
   1. เกียรติบัตร “Foundation AI”
   2. โอกาศได้รับการพิจารณารับเลือกเป็นผู้อบรม ค่าย 2"
level,Level 2 จะได้รับเงินทุนหรือไม่,0,"ผู้ที่ผ่านการคัดเลือกจะได้รับเงินทุนสนับสนุนระหว่างอบรม 
ท่านละ 50,000 บาท (ปฏิบัติตามเงื่อนไขสัญญารับทุน)"
level,level 2 ได้ตังไหม,0,"ผู้ที่ผ่านการคัดเลือกจะได้รับเงินทุนสนับสนุนระหว่างอบรม 
ท่านละ 50,000 บาท (ปฏิบัติตามเงื่อนไขสัญญารับทุน)"
level,รางวัล level 2,0,"ผู้ที่ผ่านการคัดเลือกจะได้รับเงินทุนสนับสนุนระหว่างอบรม 
ท่านละ 50,000 บาท (ปฏิบัติตามเงื่อนไขสัญญารับทุน)"
level,หากได้รับคัดเลือกเข้า Level 2 จะได้รับเงินทุนเท่าไร่,0,"ผู้ที่ผ่านการคัดเลือกจะได้รับเงินทุนสนับสนุนระหว่างอบรม 
ท่านละ 50,000 บาท (ปฏิบัติตามเงื่อนไขสัญญารับทุน)"
level,Level 3 จะได้รับเงินทุนหรือไม่,0,"จะไม่ได้รับเงินทุน แต่จะได้ 
   1. จะได้เข้ารับการฝึกงานกับบริษัทที่เข้าร่วมกับโครงการ ระยะเวลาอย่างน้อย 2 เดือน
   2. ภายในระยะเวลาฝึกงาน ท่านจะได้รับเงินเดือนตามตกลงกับบริษัทที่เข้าร่วมกับโครงการ"
level,level 3 ได้ตังไหม,0,"จะไม่ได้รับเงินทุน แต่จะได้ 
   1. จะได้เข้ารับการฝึกงานกับบริษัทที่เข้าร่วมกับโครงการ ระยะเวลาอย่างน้อย 2 เดือน
   2. ภายในระยะเวลาฝึกงาน ท่านจะได้รับเงินเดือนตามตกลงกับบริษัทที่เข้าร่วมกับโครงการ"
level,รางวัล level 3,0,"จะไม่ได้รับเงินทุน แต่จะได้ 
   1. จะได้เข้ารับการฝึกงานกับบริษัทที่เข้าร่วมกับโครงการ ระยะเวลาอย่างน้อย 2 เดือน
   2. ภายในระยะเวลาฝึกงาน ท่านจะได้รับเงินเดือนตามตกลงกับบริษัทที่เข้าร่วมกับโครงการ"
level,โครงการเป็นยังไง,0,"โครงการ Super AI Engineer Season 2 ได้จัดหลักสูตรอบรมแบบ Online และ Onsite จำนวน 3 ระดับ ดังนี้
หลักสูตรเอไอระดับพื้นฐาน (Fundamental Level) 
หลักสูตรเอไอระดับกลาง (Intermediate Level) 
หลักสูตรเอไอขั้นสูง (Applied Level)
"
level,มีกี่ระดับ,0,"โครงการ Super AI Engineer Season 2 ได้จัดหลักสูตรอบรมแบบ Online และ Onsite จำนวน 3 ระดับ ดังนี้
หลักสูตรเอไอระดับพื้นฐาน (Fundamental Level) 
หลักสูตรเอไอระดับกลาง (Intermediate Level) 
หลักสูตรเอไอขั้นสูง (Applied Level)
"
level,level,0,"โครงการ Super AI Engineer Season 2 ได้จัดหลักสูตรอบรมแบบ Online และ Onsite จำนวน 3 ระดับ ดังนี้
หลักสูตรเอไอระดับพื้นฐาน (Fundamental Level) 
หลักสูตรเอไอระดับกลาง (Intermediate Level) 
หลักสูตรเอไอขั้นสูง (Applied Level)
"
level,ระดับ,0,"โครงการ Super AI Engineer Season 2 ได้จัดหลักสูตรอบรมแบบ Online และ Onsite จำนวน 3 ระดับ ดังนี้
หลักสูตรเอไอระดับพื้นฐาน (Fundamental Level) 
หลักสูตรเอไอระดับกลาง (Intermediate Level) 
หลักสูตรเอไอขั้นสูง (Applied Level)
"
level,แบ่งออกเป็นกี่ช่วง,0,"โครงการ Super AI Engineer Season 2 ได้จัดหลักสูตรอบรมแบบ Online และ Onsite จำนวน 3 ระดับ ดังนี้
หลักสูตรเอไอระดับพื้นฐาน (Fundamental Level) 
หลักสูตรเอไอระดับกลาง (Intermediate Level) 
หลักสูตรเอไอขั้นสูง (Applied Level)
"
level,หลักสูตรเอไอระดับพื้นฐาน (Fundamental Level) ,0,"หลักสูตรเอไอระดับพื้นฐาน (Fundamental Level)

- เหมาะสำหรับบุคคลทั่วไป นักเรียน นักศึกษา ทุกสาขาอาชีพ ทุกเพศ ทุกวัย ที่สนใจ

- สามารถอบรมได้ตลอดเวลา ไม่มีการปิดระบบ จึงสามารถอบรมทบทวนย้อนหลังได้

- ลงทะเบียนได้เพื่อรับรหัส Super AI ดูขั้นตอนการสมัครในเมนู “สมัครเข้าโครงการ>ขั้นตอนการสมัคร”

- เข้ารหัส Super AI ที่ได้จากการสมัคร อบรมผ่านช่องทาง เว็บไซต์ AIAT MOOC เลือกเมนู “หลักสูตร Super AI Engineer”
"
level,เอไอระดับพื้นฐาน,0,"หลักสูตรเอไอระดับพื้นฐาน (Fundamental Level)

- เหมาะสำหรับบุคคลทั่วไป นักเรียน นักศึกษา ทุกสาขาอาชีพ ทุกเพศ ทุกวัย ที่สนใจ

- สามารถอบรมได้ตลอดเวลา ไม่มีการปิดระบบ จึงสามารถอบรมทบทวนย้อนหลังได้

- ลงทะเบียนได้เพื่อรับรหัส Super AI ดูขั้นตอนการสมัครในเมนู “สมัครเข้าโครงการ>ขั้นตอนการสมัคร”

- เข้ารหัส Super AI ที่ได้จากการสมัคร อบรมผ่านช่องทาง เว็บไซต์ AIAT MOOC เลือกเมนู “หลักสูตร Super AI Engineer”
"
level,Fundamental Level,0,"หลักสูตรเอไอระดับพื้นฐาน (Fundamental Level)

- เหมาะสำหรับบุคคลทั่วไป นักเรียน นักศึกษา ทุกสาขาอาชีพ ทุกเพศ ทุกวัย ที่สนใจ

- สามารถอบรมได้ตลอดเวลา ไม่มีการปิดระบบ จึงสามารถอบรมทบทวนย้อนหลังได้

- ลงทะเบียนได้เพื่อรับรหัส Super AI ดูขั้นตอนการสมัครในเมนู “สมัครเข้าโครงการ>ขั้นตอนการสมัคร”

- เข้ารหัส Super AI ที่ได้จากการสมัคร อบรมผ่านช่องทาง เว็บไซต์ AIAT MOOC เลือกเมนู “หลักสูตร Super AI Engineer”
"
level,หลักสูตรเอไอระดับกลาง (Intermediate Level),0,"หลักสูตรเอไอระดับกลาง (Intermediate Level)

เหมาะสำหรับบุคคลทั่วไป นักเรียน นักศึกษา ทุกสาขาอาชีพ ทุกเพศ ทุกวัย ที่สนใจ

- ลงทะเบียนได้เพื่อรับรหัส Supe AI ดูขั้นตอนการสมัครในเมนู “สมัครเข้าโครงการ>ขั้นตอนการสมัคร”

- เข้ารหัส Super AI ที่ได้จากการสมัคร เข้าระบบ AIAT MOOC ที่ https://mooc.aiat.or.th/ เลือกเมนู “หลักสูตร Super AI Engineer”

- หากสอบผ่านตามเกณฑ์จะได้รับเกียรติบัตร “Foundation AI”
"
level,เอไอระดับกลาง,0,"หลักสูตรเอไอระดับกลาง (Intermediate Level)

เหมาะสำหรับบุคคลทั่วไป นักเรียน นักศึกษา ทุกสาขาอาชีพ ทุกเพศ ทุกวัย ที่สนใจ

- ลงทะเบียนได้เพื่อรับรหัส Supe AI ดูขั้นตอนการสมัครในเมนู “สมัครเข้าโครงการ>ขั้นตอนการสมัคร”

- เข้ารหัส Super AI ที่ได้จากการสมัคร เข้าระบบ AIAT MOOC ที่ https://mooc.aiat.or.th/ เลือกเมนู “หลักสูตร Super AI Engineer”

- หากสอบผ่านตามเกณฑ์จะได้รับเกียรติบัตร “Foundation AI”
"
level,Intermediate Level,0,"หลักสูตรเอไอระดับกลาง (Intermediate Level)

เหมาะสำหรับบุคคลทั่วไป นักเรียน นักศึกษา ทุกสาขาอาชีพ ทุกเพศ ทุกวัย ที่สนใจ

- ลงทะเบียนได้เพื่อรับรหัส Supe AI ดูขั้นตอนการสมัครในเมนู “สมัครเข้าโครงการ>ขั้นตอนการสมัคร”

- เข้ารหัส Super AI ที่ได้จากการสมัคร เข้าระบบ AIAT MOOC ที่ https://mooc.aiat.or.th/ เลือกเมนู “หลักสูตร Super AI Engineer”

- หากสอบผ่านตามเกณฑ์จะได้รับเกียรติบัตร “Foundation AI”
"
level,หลักสูตรเอไอขั้นสูง (Applied Level),0,"หลักสูตรเอไอขั้นสูง (Applied Level)

เหมาะสำหรับผู้ที่ต้องการ Upskill Reskill ในสาขาอาชีพเอไอ เช่น วิศวกร นวัตกร นักวิจัย ผู้ที่ต้องการทำ Startup เป็นผู้ที่มีคุณสมบัติและผ่านเงื่อนไขต่างๆ ดังนี้

- เป็นผู้ที่ผ่านการสอบวัดระดับความรู้พื้นฐานตามลำดับ และได้รับการพิจารณารับเลือกเป็นผู้เข้า ค่าย 2

- ฝึกอบรมเอไอระดับสูง (Applied AI) เป็นการอบรมเชิงปฏิบัติการและฝึกโจทย์เอไอจากสถานประกอบการ (Hackathon) จากหลากหลายสาขาในภาคอุตสาหกรรม และภาคธุรกิจ

- ได้รับคำแนะนำ และที่ปรึกษาจากผู้เชี่ยวชาญด้านเอไอสาขาต่างๆ

- ได้เข้าทำงานฝึกโจทย์เอไอกับสถานประกอบการ อย่างน้อย 2 เดือน (Level 3 – Apprenticeship Level)

- ได้แลกเปลี่ยนความรู้กับผู้อบรมหลากหลายอาชีพ

- เมื่อผ่านเกณฑ์การประเมินความรู้ความสามารถจะได้รับเกียรติบัตร “Applied AI”

- สามารถแข่งขันชิงเงินรางวัล เหรียญรางวัล ของรางวัล หรือ การสนับสนุนในรูปแบบต่าง ๆ จากผู้สนับสนุนโครงการ"
level,เอไอขั้นสูง,0,"หลักสูตรเอไอขั้นสูง (Applied Level)

เหมาะสำหรับผู้ที่ต้องการ Upskill Reskill ในสาขาอาชีพเอไอ เช่น วิศวกร นวัตกร นักวิจัย ผู้ที่ต้องการทำ Startup เป็นผู้ที่มีคุณสมบัติและผ่านเงื่อนไขต่างๆ ดังนี้

- เป็นผู้ที่ผ่านการสอบวัดระดับความรู้พื้นฐานตามลำดับ และได้รับการพิจารณารับเลือกเป็นผู้เข้า ค่าย 2

- ฝึกอบรมเอไอระดับสูง (Applied AI) เป็นการอบรมเชิงปฏิบัติการและฝึกโจทย์เอไอจากสถานประกอบการ (Hackathon) จากหลากหลายสาขาในภาคอุตสาหกรรม และภาคธุรกิจ

- ได้รับคำแนะนำ และที่ปรึกษาจากผู้เชี่ยวชาญด้านเอไอสาขาต่างๆ

- ได้เข้าทำงานฝึกโจทย์เอไอกับสถานประกอบการ อย่างน้อย 2 เดือน (Level 3 – Apprenticeship Level)

- ได้แลกเปลี่ยนความรู้กับผู้อบรมหลากหลายอาชีพ

- เมื่อผ่านเกณฑ์การประเมินความรู้ความสามารถจะได้รับเกียรติบัตร “Applied AI”

- สามารถแข่งขันชิงเงินรางวัล เหรียญรางวัล ของรางวัล หรือ การสนับสนุนในรูปแบบต่าง ๆ จากผู้สนับสนุนโครงการ"
level,Applied Level,0,"หลักสูตรเอไอขั้นสูง (Applied Level)

เหมาะสำหรับผู้ที่ต้องการ Upskill Reskill ในสาขาอาชีพเอไอ เช่น วิศวกร นวัตกร นักวิจัย ผู้ที่ต้องการทำ Startup เป็นผู้ที่มีคุณสมบัติและผ่านเงื่อนไขต่างๆ ดังนี้

- เป็นผู้ที่ผ่านการสอบวัดระดับความรู้พื้นฐานตามลำดับ และได้รับการพิจารณารับเลือกเป็นผู้เข้า ค่าย 2

- ฝึกอบรมเอไอระดับสูง (Applied AI) เป็นการอบรมเชิงปฏิบัติการและฝึกโจทย์เอไอจากสถานประกอบการ (Hackathon) จากหลากหลายสาขาในภาคอุตสาหกรรม และภาคธุรกิจ

- ได้รับคำแนะนำ และที่ปรึกษาจากผู้เชี่ยวชาญด้านเอไอสาขาต่างๆ

- ได้เข้าทำงานฝึกโจทย์เอไอกับสถานประกอบการ อย่างน้อย 2 เดือน (Level 3 – Apprenticeship Level)

- ได้แลกเปลี่ยนความรู้กับผู้อบรมหลากหลายอาชีพ

- เมื่อผ่านเกณฑ์การประเมินความรู้ความสามารถจะได้รับเกียรติบัตร “Applied AI”

- สามารถแข่งขันชิงเงินรางวัล เหรียญรางวัล ของรางวัล หรือ การสนับสนุนในรูปแบบต่าง ๆ จากผู้สนับสนุนโครงการ"
การสมัครเข้าโครงการ,มีขั้นตอนการสมัครเข้าร่วมโครงการอย่างไร?,0,"1. เข้าเว็บไซต์ https://superai.aiat.or.th เพื่ออ่านรายละเอียดโครงการ และกำหนดการต่าง ๆ

2. สมัครเข้าร่วมโครงการโดยการคลิกที่เมนู “สมัครเข้าโครงการ”

3. กรอกข้อมูลของท่านตามที่ระบบกำหนดให้ครบถ้วน และตรวจสอบความถูกต้อง

4. รอรับรหัสเข้าระบบสมาชิกทางอีเมลที่ท่านได้ทำการกรอกในระบบสมัคร

5. เข้าสู่ระบบ MOOC เพื่อเริ่มอบรมตามหลักสูตรที่โครงการจัดเตรียมไว้ให้

6. เข้าสู่ระบบ Super AI Portal เพื่อรับข้อมูลข่าวสาร พูดคุย ระบบนี้สำหรับผู้ที่มี รหัสสมัครเท่านั้น"
การสมัครเข้าโครงการ,สมัครยังไงได้บ้างครับ,0,"1. เข้าเว็บไซต์ https://superai.aiat.or.th เพื่ออ่านรายละเอียดโครงการ และกำหนดการต่าง ๆ

2. สมัครเข้าร่วมโครงการโดยการคลิกที่เมนู “สมัครเข้าโครงการ”

3. กรอกข้อมูลของท่านตามที่ระบบกำหนดให้ครบถ้วน และตรวจสอบความถูกต้อง

4. รอรับรหัสเข้าระบบสมาชิกทางอีเมลที่ท่านได้ทำการกรอกในระบบสมัคร

5. เข้าสู่ระบบ MOOC เพื่อเริ่มอบรมตามหลักสูตรที่โครงการจัดเตรียมไว้ให้

6. เข้าสู่ระบบ Super AI Portal เพื่อรับข้อมูลข่าวสาร พูดคุย ระบบนี้สำหรับผู้ที่มี รหัสสมัครเท่านั้น"
การสมัครเข้าโครงการ,สมัครอย่างไรครับ หาที่สมัครไม่เจอเลย,0,"1. เข้าเว็บไซต์ https://superai.aiat.or.th เพื่ออ่านรายละเอียดโครงการ และกำหนดการต่าง ๆ

2. สมัครเข้าร่วมโครงการโดยการคลิกที่เมนู “สมัครเข้าโครงการ”

3. กรอกข้อมูลของท่านตามที่ระบบกำหนดให้ครบถ้วน และตรวจสอบความถูกต้อง

4. รอรับรหัสเข้าระบบสมาชิกทางอีเมลที่ท่านได้ทำการกรอกในระบบสมัคร

5. เข้าสู่ระบบ MOOC เพื่อเริ่มอบรมตามหลักสูตรที่โครงการจัดเตรียมไว้ให้

6. เข้าสู่ระบบ Super AI Portal เพื่อรับข้อมูลข่าวสาร พูดคุย ระบบนี้สำหรับผู้ที่มี รหัสสมัครเท่านั้น"
การสมัครเข้าโครงการ,อยากสมัครครับลงทะเบียนตรงไหนเอ่ย,0,"1. เข้าเว็บไซต์ https://superai.aiat.or.th เพื่ออ่านรายละเอียดโครงการ และกำหนดการต่าง ๆ

2. สมัครเข้าร่วมโครงการโดยการคลิกที่เมนู “สมัครเข้าโครงการ”

3. กรอกข้อมูลของท่านตามที่ระบบกำหนดให้ครบถ้วน และตรวจสอบความถูกต้อง

4. รอรับรหัสเข้าระบบสมาชิกทางอีเมลที่ท่านได้ทำการกรอกในระบบสมัคร

5. เข้าสู่ระบบ MOOC เพื่อเริ่มอบรมตามหลักสูตรที่โครงการจัดเตรียมไว้ให้

6. เข้าสู่ระบบ Super AI Portal เพื่อรับข้อมูลข่าวสาร พูดคุย ระบบนี้สำหรับผู้ที่มี รหัสสมัครเท่านั้น"
การสมัครเข้าโครงการ,ขั้นตอนการสมัครต้องทำไงบ้าง,0,"1. เข้าเว็บไซต์ https://superai.aiat.or.th เพื่ออ่านรายละเอียดโครงการ และกำหนดการต่าง ๆ

2. สมัครเข้าร่วมโครงการโดยการคลิกที่เมนู “สมัครเข้าโครงการ”

3. กรอกข้อมูลของท่านตามที่ระบบกำหนดให้ครบถ้วน และตรวจสอบความถูกต้อง

4. รอรับรหัสเข้าระบบสมาชิกทางอีเมลที่ท่านได้ทำการกรอกในระบบสมัคร

5. เข้าสู่ระบบ MOOC เพื่อเริ่มอบรมตามหลักสูตรที่โครงการจัดเตรียมไว้ให้

6. เข้าสู่ระบบ Super AI Portal เพื่อรับข้อมูลข่าวสาร พูดคุย ระบบนี้สำหรับผู้ที่มี รหัสสมัครเท่านั้น"
การสมัครเข้าโครงการ,สมัครเข้าร่วมโครงการ,0,"1. เข้าเว็บไซต์ https://superai.aiat.or.th เพื่ออ่านรายละเอียดโครงการ และกำหนดการต่าง ๆ

2. สมัครเข้าร่วมโครงการโดยการคลิกที่เมนู “สมัครเข้าโครงการ”

3. กรอกข้อมูลของท่านตามที่ระบบกำหนดให้ครบถ้วน และตรวจสอบความถูกต้อง

4. รอรับรหัสเข้าระบบสมาชิกทางอีเมลที่ท่านได้ทำการกรอกในระบบสมัคร

5. เข้าสู่ระบบ MOOC เพื่อเริ่มอบรมตามหลักสูตรที่โครงการจัดเตรียมไว้ให้

6. เข้าสู่ระบบ Super AI Portal เพื่อรับข้อมูลข่าวสาร พูดคุย ระบบนี้สำหรับผู้ที่มี รหัสสมัครเท่านั้น"
การสมัครเข้าโครงการ,ขั้้นตอน,0,"1. เข้าเว็บไซต์ https://superai.aiat.or.th เพื่ออ่านรายละเอียดโครงการ และกำหนดการต่าง ๆ

2. สมัครเข้าร่วมโครงการโดยการคลิกที่เมนู “สมัครเข้าโครงการ”

3. กรอกข้อมูลของท่านตามที่ระบบกำหนดให้ครบถ้วน และตรวจสอบความถูกต้อง

4. รอรับรหัสเข้าระบบสมาชิกทางอีเมลที่ท่านได้ทำการกรอกในระบบสมัคร

5. เข้าสู่ระบบ MOOC เพื่อเริ่มอบรมตามหลักสูตรที่โครงการจัดเตรียมไว้ให้

6. เข้าสู่ระบบ Super AI Portal เพื่อรับข้อมูลข่าวสาร พูดคุย ระบบนี้สำหรับผู้ที่มี รหัสสมัครเท่านั้น"
การสมัครเข้าโครงการ,ขั้นตอนการสมัคร,0,"1. เข้าเว็บไซต์ https://superai.aiat.or.th เพื่ออ่านรายละเอียดโครงการ และกำหนดการต่าง ๆ

2. สมัครเข้าร่วมโครงการโดยการคลิกที่เมนู “สมัครเข้าโครงการ”

3. กรอกข้อมูลของท่านตามที่ระบบกำหนดให้ครบถ้วน และตรวจสอบความถูกต้อง

4. รอรับรหัสเข้าระบบสมาชิกทางอีเมลที่ท่านได้ทำการกรอกในระบบสมัคร

5. เข้าสู่ระบบ MOOC เพื่อเริ่มอบรมตามหลักสูตรที่โครงการจัดเตรียมไว้ให้

6. เข้าสู่ระบบ Super AI Portal เพื่อรับข้อมูลข่าวสาร พูดคุย ระบบนี้สำหรับผู้ที่มี รหัสสมัครเท่านั้น"
การสมัครเข้าโครงการ,การสมัคร,0,"1. เข้าเว็บไซต์ https://superai.aiat.or.th เพื่ออ่านรายละเอียดโครงการ และกำหนดการต่าง ๆ

2. สมัครเข้าร่วมโครงการโดยการคลิกที่เมนู “สมัครเข้าโครงการ”

3. กรอกข้อมูลของท่านตามที่ระบบกำหนดให้ครบถ้วน และตรวจสอบความถูกต้อง

4. รอรับรหัสเข้าระบบสมาชิกทางอีเมลที่ท่านได้ทำการกรอกในระบบสมัคร

5. เข้าสู่ระบบ MOOC เพื่อเริ่มอบรมตามหลักสูตรที่โครงการจัดเตรียมไว้ให้

6. เข้าสู่ระบบ Super AI Portal เพื่อรับข้อมูลข่าวสาร พูดคุย ระบบนี้สำหรับผู้ที่มี รหัสสมัครเท่านั้น"
การสมัครเข้าโครงการ,เข้าร่วมโครงการ,0,"1. เข้าเว็บไซต์ https://superai.aiat.or.th เพื่ออ่านรายละเอียดโครงการ และกำหนดการต่าง ๆ

2. สมัครเข้าร่วมโครงการโดยการคลิกที่เมนู “สมัครเข้าโครงการ”

3. กรอกข้อมูลของท่านตามที่ระบบกำหนดให้ครบถ้วน และตรวจสอบความถูกต้อง

4. รอรับรหัสเข้าระบบสมาชิกทางอีเมลที่ท่านได้ทำการกรอกในระบบสมัคร

5. เข้าสู่ระบบ MOOC เพื่อเริ่มอบรมตามหลักสูตรที่โครงการจัดเตรียมไว้ให้

6. เข้าสู่ระบบ Super AI Portal เพื่อรับข้อมูลข่าวสาร พูดคุย ระบบนี้สำหรับผู้ที่มี รหัสสมัครเท่านั้น"
การสมัครเข้าโครงการ,ร่วมโครงการ,0,"1. เข้าเว็บไซต์ https://superai.aiat.or.th เพื่ออ่านรายละเอียดโครงการ และกำหนดการต่าง ๆ

2. สมัครเข้าร่วมโครงการโดยการคลิกที่เมนู “สมัครเข้าโครงการ”

3. กรอกข้อมูลของท่านตามที่ระบบกำหนดให้ครบถ้วน และตรวจสอบความถูกต้อง

4. รอรับรหัสเข้าระบบสมาชิกทางอีเมลที่ท่านได้ทำการกรอกในระบบสมัคร

5. เข้าสู่ระบบ MOOC เพื่อเริ่มอบรมตามหลักสูตรที่โครงการจัดเตรียมไว้ให้

6. เข้าสู่ระบบ Super AI Portal เพื่อรับข้อมูลข่าวสาร พูดคุย ระบบนี้สำหรับผู้ที่มี รหัสสมัครเท่านั้น"
การสมัครเข้าโครงการ,เข้าร่วมโครงการต้องทำอย่างไร,0,"1. เข้าเว็บไซต์ https://superai.aiat.or.th เพื่ออ่านรายละเอียดโครงการ และกำหนดการต่าง ๆ

2. สมัครเข้าร่วมโครงการโดยการคลิกที่เมนู “สมัครเข้าโครงการ”

3. กรอกข้อมูลของท่านตามที่ระบบกำหนดให้ครบถ้วน และตรวจสอบความถูกต้อง

4. รอรับรหัสเข้าระบบสมาชิกทางอีเมลที่ท่านได้ทำการกรอกในระบบสมัคร

5. เข้าสู่ระบบ MOOC เพื่อเริ่มอบรมตามหลักสูตรที่โครงการจัดเตรียมไว้ให้

6. เข้าสู่ระบบ Super AI Portal เพื่อรับข้อมูลข่าวสาร พูดคุย ระบบนี้สำหรับผู้ที่มี รหัสสมัครเท่านั้น"
การสมัครเข้าโครงการ,เสียค่าใช้จ่ายมั้ย,0,ไม่มีค่าใช้จ่าย ในการสมัครในการอบรม หากสนใจเข้าร่วมโครงการ สามารถสมัครผ่านระบบออนไลน์ได้ ฟรี
การสมัครเข้าโครงการ,มีค่าใช้จ่ายเท่าไร,0,ไม่มีค่าใช้จ่าย ในการสมัครในการอบรม หากสนใจเข้าร่วมโครงการ สามารถสมัครผ่านระบบออนไลน์ได้ ฟรี
การสมัครเข้าโครงการ,เสียเงินเท่าไร,0,ไม่มีค่าใช้จ่าย ในการสมัครในการอบรม หากสนใจเข้าร่วมโครงการ สามารถสมัครผ่านระบบออนไลน์ได้ ฟรี
การสมัครเข้าโครงการ,เสียเงินหรือไม่,0,ไม่มีค่าใช้จ่าย ในการสมัครในการอบรม หากสนใจเข้าร่วมโครงการ สามารถสมัครผ่านระบบออนไลน์ได้ ฟรี
การสมัครเข้าโครงการ,ต้องจ่ายเท่าไร,0,ไม่มีค่าใช้จ่าย ในการสมัครในการอบรม หากสนใจเข้าร่วมโครงการ สามารถสมัครผ่านระบบออนไลน์ได้ ฟรี
การสมัครเข้าโครงการ,เสียตังค์เท่าไร,0,ไม่มีค่าใช้จ่าย ในการสมัครในการอบรม หากสนใจเข้าร่วมโครงการ สามารถสมัครผ่านระบบออนไลน์ได้ ฟรี
การสมัครเข้าโครงการ,เสียเงินเท่่าไหร่เข้าโครงการ,0,ไม่มีค่าใช้จ่าย ในการสมัครในการอบรม หากสนใจเข้าร่วมโครงการ สามารถสมัครผ่านระบบออนไลน์ได้ ฟรี
การสมัครเข้าโครงการ,การสมัครต้องใช้เอกสารอะไรบ้าง?,0,สำหรับการสมัครเข้าร่วมโครงการ Super AI Engineer 2022 เพื่ออบรมและสอบ Pre-test ระดับพื้นฐานผู้อบรมไม่ต้องอัปโหลดเอกสารใด ๆ
การสมัครเข้าโครงการ,ใช้เอกสาร,0,สำหรับการสมัครเข้าร่วมโครงการ Super AI Engineer 2022 เพื่ออบรมและสอบ Pre-test ระดับพื้นฐานผู้อบรมไม่ต้องอัปโหลดเอกสารใด ๆ
การสมัครเข้าโครงการ,เอกสารที่ต้องใช้,0,สำหรับการสมัครเข้าร่วมโครงการ Super AI Engineer 2022 เพื่ออบรมและสอบ Pre-test ระดับพื้นฐานผู้อบรมไม่ต้องอัปโหลดเอกสารใด ๆ
การสมัครเข้าโครงการ,เอกสารสมัคร,0,สำหรับการสมัครเข้าร่วมโครงการ Super AI Engineer 2022 เพื่ออบรมและสอบ Pre-test ระดับพื้นฐานผู้อบรมไม่ต้องอัปโหลดเอกสารใด ๆ
การสมัครเข้าโครงการ,เกณฑ์การประเมินการคัดเลือกเข้าร่วมโครงการเป็นอย่างไร?,0,"เกณฑ์การพิจารณาคัดเลือกจะมีทุกช่วงของกิจกรรม 
เช่นช่วงที่ 1 (Level 1) จะมีการทดสอบความรู้ความสามารถด้านเอไอผ่านระบบสอบออนไลน์. 
ช่วงที่ 2 (Level 2) การคัดเลือกเข้าค่ายอบรมจะพิจารณาจากความสามารถเชิงประจักร ประวัติส่วนตัวและประวัติการศึกษา ความสามารถในการถ่ายทอดความรู้ด้านเอไอผ่านคลิปวีดิโอ ทัศนคติ และแรงบันดาลใจ เป็นต้น 
ส่วนช่วงที่ 3 (Level 3) จะขึ้นอยู่กับการพิจารณาจากสถานประกอบการ โดยผู้สมัครงานและผู้ประกอบการจะเลือกซึ่งกันและกัน (ดูเว็บไซต์ที่เมนู “ภาพรวมโครงการ”)"
การสมัครเข้าโครงการ,เกณฑ์ผ่านรอบต่างๆ,0,"เกณฑ์การพิจารณาคัดเลือกจะมีทุกช่วงของกิจกรรม 
เช่นช่วงที่ 1 (Level 1) จะมีการทดสอบความรู้ความสามารถด้านเอไอผ่านระบบสอบออนไลน์. 
ช่วงที่ 2 (Level 2) การคัดเลือกเข้าค่ายอบรมจะพิจารณาจากความสามารถเชิงประจักร ประวัติส่วนตัวและประวัติการศึกษา ความสามารถในการถ่ายทอดความรู้ด้านเอไอผ่านคลิปวีดิโอ ทัศนคติ และแรงบันดาลใจ เป็นต้น 
ส่วนช่วงที่ 3 (Level 3) จะขึ้นอยู่กับการพิจารณาจากสถานประกอบการ โดยผู้สมัครงานและผู้ประกอบการจะเลือกซึ่งกันและกัน (ดูเว็บไซต์ที่เมนู “ภาพรวมโครงการ”)"
การสมัครเข้าโครงการ,เกณฑ์,0,"เกณฑ์การพิจารณาคัดเลือกจะมีทุกช่วงของกิจกรรม 
เช่นช่วงที่ 1 (Level 1) จะมีการทดสอบความรู้ความสามารถด้านเอไอผ่านระบบสอบออนไลน์. 
ช่วงที่ 2 (Level 2) การคัดเลือกเข้าค่ายอบรมจะพิจารณาจากความสามารถเชิงประจักร ประวัติส่วนตัวและประวัติการศึกษา ความสามารถในการถ่ายทอดความรู้ด้านเอไอผ่านคลิปวีดิโอ ทัศนคติ และแรงบันดาลใจ เป็นต้น 
ส่วนช่วงที่ 3 (Level 3) จะขึ้นอยู่กับการพิจารณาจากสถานประกอบการ โดยผู้สมัครงานและผู้ประกอบการจะเลือกซึ่งกันและกัน (ดูเว็บไซต์ที่เมนู “ภาพรวมโครงการ”)"
การสมัครเข้าโครงการ,จำกัดจำนวนผู้สมัครหรือไม่?,0,ทางโครงการได้เปิดระบบอบรมออนไลน์ในหลักสูตรเอไอพื้นฐานโดยไม่มีค่าใช้จ่าย บุคลทั่วไป นักเรียน นักศึกษา ทุกสาขาอาชีพ โดยไม่จำกัดจำนวนผู้สมัคร
การสมัครเข้าโครงการ,จำนวนผู้สมัคร,0,ทางโครงการได้เปิดระบบอบรมออนไลน์ในหลักสูตรเอไอพื้นฐานโดยไม่มีค่าใช้จ่าย บุคลทั่วไป นักเรียน นักศึกษา ทุกสาขาอาชีพ โดยไม่จำกัดจำนวนผู้สมัคร
การสมัครเข้าโครงการ,รับกี่คนผู้สมัคร,0,ทางโครงการได้เปิดระบบอบรมออนไลน์ในหลักสูตรเอไอพื้นฐานโดยไม่มีค่าใช้จ่าย บุคลทั่วไป นักเรียน นักศึกษา ทุกสาขาอาชีพ โดยไม่จำกัดจำนวนผู้สมัคร
การสมัครเข้าโครงการ,รับจำนวนจำกัดไหม,0,ทางโครงการได้เปิดระบบอบรมออนไลน์ในหลักสูตรเอไอพื้นฐานโดยไม่มีค่าใช้จ่าย บุคลทั่วไป นักเรียน นักศึกษา ทุกสาขาอาชีพ โดยไม่จำกัดจำนวนผู้สมัคร
กำหนดการโครงการ,ภาพรวมกิจกรรมเป็นอย่างไร,0,ดูกำหนดการกิจกรรมแต่ละช่วงที่ https://superai.aiat.or.th/activity-overview/activity-scheduled/
กำหนดการโครงการ, มีการแบ่ง Onsite ตามภูมิภาคหรือไม่,0,ไม่ได้แบ่งตามภูมิภาค
กำหนดการโครงการ,แบ่งภูมิภาค,0,ไม่ได้แบ่งตามภูมิภาค
นักศึกษา,สามารถเทียบโอนหน่วยกิตได้หรือไม่?,0,"ผู้อบรมที่ต้องการเทียบโอนหน่วยกิตสามารถตรวจสอบรายชื่อหลักสูตรได้ที่เว็บไซต์โครงการ 
และตรวจสอบกำหนดการกิจกรรมในระยะเวลาที่เหมาะสมกับมหาวิทยาลัย หรือติดต่อสอบถามได้ที่ Super AI Portal"
นักศึกษา,โอนหน่วยกิต,0,"ผู้อบรมที่ต้องการเทียบโอนหน่วยกิตสามารถตรวจสอบรายชื่อหลักสูตรได้ที่เว็บไซต์โครงการ 
และตรวจสอบกำหนดการกิจกรรมในระยะเวลาที่เหมาะสมกับมหาวิทยาลัย หรือติดต่อสอบถามได้ที่ Super AI Portal"
นักศึกษา,เทียบโอน,0,"ผู้อบรมที่ต้องการเทียบโอนหน่วยกิตสามารถตรวจสอบรายชื่อหลักสูตรได้ที่เว็บไซต์โครงการ 
และตรวจสอบกำหนดการกิจกรรมในระยะเวลาที่เหมาะสมกับมหาวิทยาลัย หรือติดต่อสอบถามได้ที่ Super AI Portal"
นักศึกษา,นักศึกษาโอนหน่วยกิต,0,"ผู้อบรมที่ต้องการเทียบโอนหน่วยกิตสามารถตรวจสอบรายชื่อหลักสูตรได้ที่เว็บไซต์โครงการ 
และตรวจสอบกำหนดการกิจกรรมในระยะเวลาที่เหมาะสมกับมหาวิทยาลัย หรือติดต่อสอบถามได้ที่ Super AI Portal"
นักศึกษา,นักศึกษาเทียบโอน,0,"ผู้อบรมที่ต้องการเทียบโอนหน่วยกิตสามารถตรวจสอบรายชื่อหลักสูตรได้ที่เว็บไซต์โครงการ 
และตรวจสอบกำหนดการกิจกรรมในระยะเวลาที่เหมาะสมกับมหาวิทยาลัย หรือติดต่อสอบถามได้ที่ Super AI Portal"
นักศึกษา,นิสิตโอนหน่วยกิต,0,"ผู้อบรมที่ต้องการเทียบโอนหน่วยกิตสามารถตรวจสอบรายชื่อหลักสูตรได้ที่เว็บไซต์โครงการ 
และตรวจสอบกำหนดการกิจกรรมในระยะเวลาที่เหมาะสมกับมหาวิทยาลัย หรือติดต่อสอบถามได้ที่ Super AI Portal"
นักศึกษา,นิสิตโอนหน่วยกิต,0,"ผู้อบรมที่ต้องการเทียบโอนหน่วยกิตสามารถตรวจสอบรายชื่อหลักสูตรได้ที่เว็บไซต์โครงการ 
และตรวจสอบกำหนดการกิจกรรมในระยะเวลาที่เหมาะสมกับมหาวิทยาลัย หรือติดต่อสอบถามได้ที่ Super AI Portal"
นักศึกษา,นิสิตษาเทียบโอน,0,"ผู้อบรมที่ต้องการเทียบโอนหน่วยกิตสามารถตรวจสอบรายชื่อหลักสูตรได้ที่เว็บไซต์โครงการ 
และตรวจสอบกำหนดการกิจกรรมในระยะเวลาที่เหมาะสมกับมหาวิทยาลัย หรือติดต่อสอบถามได้ที่ Super AI Portal"
นักศึกษา,เทียบหน่วยกิตมหาลัย,0,"ผู้อบรมที่ต้องการเทียบโอนหน่วยกิตสามารถตรวจสอบรายชื่อหลักสูตรได้ที่เว็บไซต์โครงการ 
และตรวจสอบกำหนดการกิจกรรมในระยะเวลาที่เหมาะสมกับมหาวิทยาลัย หรือติดต่อสอบถามได้ที่ Super AI Portal"
นักศึกษา,โอนหน่วยกิตมหาลัย,0,"ผู้อบรมที่ต้องการเทียบโอนหน่วยกิตสามารถตรวจสอบรายชื่อหลักสูตรได้ที่เว็บไซต์โครงการ 
และตรวจสอบกำหนดการกิจกรรมในระยะเวลาที่เหมาะสมกับมหาวิทยาลัย หรือติดต่อสอบถามได้ที่ Super AI Portal"
นักศึกษา,โอนกับรายวิชาสหกิจหรือฝึกงานได้หรือไม่?,0,"การใช้ช่วงเวลาฝึกงานในช่วงทำงานกับสถานประกอบการใน Level 3 
ขึ้นอยู่กับข้อตกลงและเงื่อนไขที่ผู้อบรมได้ทำการตกลงไว้กับองค์กรที่ไปปฏิบัติงาน และ 
สถาบันการศึกษาที่สังกัด ทั้งนี้จะต้องเป็นไปตามเงื่อนไขของโครงการ คือ 
ผู้อบรมต้องทำงานในองค์กรหรือบริษัทเป็นระยะเวลาอย่างน้อย 2 เดือน (40 วันทำการ)"
นักศึกษา,นักศึกษาโอนรายวิชาสหกิจ,0,การใช้ช่วงเวลาฝึกงานในช่วงทำงานกับสถานประกอบการใน Level 3 ขึ้นอยู่กับข้อตกลงและเงื่อนไขที่ผู้อบรมได้ทำการตกลงไว้กับองค์กรที่ไปปฏิบัติงาน และ สถาบันการศึกษาที่สังกัด ทั้งนี้จะต้องเป็นไปตามเงื่อนไขของโครงการ คือ ผู้อบรมต้องทำงานในองค์กรหรือบริษัทเป็นระยะเวลาอย่างน้อย 2 เดือน (40 วันทำการ)
นักศึกษา,โอนสหกิจ,0,การใช้ช่วงเวลาฝึกงานในช่วงทำงานกับสถานประกอบการใน Level 3 ขึ้นอยู่กับข้อตกลงและเงื่อนไขที่ผู้อบรมได้ทำการตกลงไว้กับองค์กรที่ไปปฏิบัติงาน และ สถาบันการศึกษาที่สังกัด ทั้งนี้จะต้องเป็นไปตามเงื่อนไขของโครงการ คือ ผู้อบรมต้องทำงานในองค์กรหรือบริษัทเป็นระยะเวลาอย่างน้อย 2 เดือน (40 วันทำการ)
นักศึกษา,เทียบโอนรายวิชาสหกิจ,0,การใช้ช่วงเวลาฝึกงานในช่วงทำงานกับสถานประกอบการใน Level 3 ขึ้นอยู่กับข้อตกลงและเงื่อนไขที่ผู้อบรมได้ทำการตกลงไว้กับองค์กรที่ไปปฏิบัติงาน และ สถาบันการศึกษาที่สังกัด ทั้งนี้จะต้องเป็นไปตามเงื่อนไขของโครงการ คือ ผู้อบรมต้องทำงานในองค์กรหรือบริษัทเป็นระยะเวลาอย่างน้อย 2 เดือน (40 วันทำการ)
ติดต่อโครงการ,ต้องการคุยกับผู้ดูแล,0,สามารถสอบถามได้ทางเพจ https://www.facebook.com/SuperAIEngineer ได้เลยครับ
ติดต่อโครงการ,สอบถามทางโครงการ,0,สามารถสอบถามได้ทางเพจ https://www.facebook.com/SuperAIEngineer ได้เลยครับ
ติดต่อโครงการ,ติดต่อโครงการ,0,สามารถสอบถามได้ทางเพจ https://www.facebook.com/SuperAIEngineer ได้เลยครับ
ติดต่อโครงการ,ผู้ดูแล,0,สามารถสอบถามได้ทางเพจ https://www.facebook.com/SuperAIEngineer ได้เลยครับ
ติดต่อโครงการ,facebook,0,สามารถสอบถามได้ทางเพจ https://www.facebook.com/SuperAIEngineer ได้เลยครับ